{
  "response_code": 0,
  "results": [
    {
      "category": "History",
      "type": "multiple",
      "difficulty": "hard",
      "question": "With which Greek philosopher would you associate the phrase, &quot;I know that I know nothing&quot;?",
      "correct_answer": "Socrates",
      "incorrect_answers": [
        "Aristotle",
        "Plato",
        "Pythagoras"
      ]
    },
    {
      "category": "History",
      "type": "multiple",
      "difficulty": "hard",
      "question": "When did the French Revolution begin?",
      "correct_answer": "1789",
      "incorrect_answers": [
        "1823",
        "1756",
        "1799"
      ]
    },
    {
      "category": "History",
      "type": "multiple",
      "difficulty": "medium",
      "question": "America&#039;s Strategic Defense System during the Cold War was nicknamed after this famous movie.",
      "correct_answer": "Star Wars",
      "incorrect_answers": [
        "Jaws",
        "Blade Runner",
        "Alien"
      ]
    },
    {
      "category": "History",
      "type": "multiple",
      "difficulty": "medium",
      "question": "The Spitfire L.F. Mk IX had what engine?",
      "correct_answer": "Merlin 66",
      "incorrect_answers": [
        "Griffon 65",
        "Merlin 50",
        "Merlin X"
      ]
    },
    {
      "category": "History",
      "type": "multiple",
      "difficulty": "hard",
      "question": "Spain was formed in 1469 with the marriage of Isabella I of Castile and Ferdinand II of what other Iberian kingdom?",
      "correct_answer": "Aragon",
      "incorrect_answers": [
        "Galicia",
        "Le&oacute;n",
        "Navarre"
      ]
    },
    {
      "category": "History",
      "type": "multiple",
      "difficulty": "medium",
      "question": "The Tsar Bomba, the most powerful nuclear bomb ever tested, had a yield of 50 megatons but theoretically had a maximum yield of how much?",
      "correct_answer": "100 Megatons",
      "incorrect_answers": [
        "200 Megatons",
        "75 Megatons",
        "150 Megatons"
      ]
    },
    {
      "category": "History",
      "type": "multiple",
      "difficulty": "easy",
      "question": "During WWII, in 1945, the United States dropped atomic bombs on the two Japanese cities of Hiroshima and what other city?",
      "correct_answer": "Nagasaki",
      "incorrect_answers": [
        "Kawasaki",
        "Tokyo",
        "Kagoshima"
      ]
    },
    {
      "category": "History",
      "type": "multiple",
      "difficulty": "medium",
      "question": "The Battle of the Somme in World War I took place in which country?",
      "correct_answer": "France",
      "incorrect_answers": [
        "Germany",
        "Italy",
        "Austria"
      ]
    },
    {
      "category": "History",
      "type": "boolean",
      "difficulty": "medium",
      "question": "Assyrian king Sennacherib&#039;s destruction of Babylon in 689 BCE was viewed as a triumph by other Assyrian citizens.",
      "correct_answer": "False",
      "incorrect_answers": [
        "True"
      ]
    },
    {
      "category": "History",
      "type": "multiple",
      "difficulty": "easy",
      "question": "Which of the following ancient peoples was NOT classified as Hellenic (Greek)?",
      "correct_answer": "Illyrians",
      "incorrect_answers": [
        "Dorians",
        "Achaeans",
        "Ionians"
      ]
    },
    {
      "category": "History",
      "type": "multiple",
      "difficulty": "hard",
      "question": "List the following Iranic empires in chronological order:",
      "correct_answer": "Median, Achaemenid, Parthian, Sassanid",
      "incorrect_answers": [
        "Median, Achaemenid, Sassanid, Parthian",
        "Achaemenid, Median, Parthian, Sassanid",
        "Achaemenid, Median, Sassanid, Parthian"
      ]
    },
    {
      "category": "History",
      "type": "multiple",
      "difficulty": "medium",
      "question": "The creator of the Enigma Cypher and Machine was of what nationality?",
      "correct_answer": "German",
      "incorrect_answers": [
        "American",
        "British",
        "Polish"
      ]
    },
    {
      "category": "History",
      "type": "multiple",
      "difficulty": "easy",
      "question": "Which of these countries remained neutral during World War II?",
      "correct_answer": "Switzerland",
      "incorrect_answers": [
        "United Kingdom",
        "France",
        "Italy"
      ]
    },
    {
      "category": "History",
      "type": "multiple",
      "difficulty": "hard",
      "question": "What age was King Henry V when he died?",
      "correct_answer": "36",
      "incorrect_answers": [
        "62",
        "87",
        "73"
      ]
    },
    {
      "category": "History",
      "type": "multiple",
      "difficulty": "medium",
      "question": "In the War of the Pacific (1879 - 1883), Bolivia lost its access to the Pacific Ocean after being defeated by which South American country?",
      "correct_answer": "Chile",
      "incorrect_answers": [
        "Peru",
        "Brazil",
        "Argentina"
      ]
    },
    {
      "category": "History",
      "type": "multiple",
      "difficulty": "hard",
      "question": "What did the first vending machines in the early 1880&#039;s dispense?",
      "correct_answer": "Post cards",
      "incorrect_answers": [
        "Alcohol",
        "Cigarettes",
        "Sodas "
      ]
    },
    {
      "category": "History",
      "type": "multiple",
      "difficulty": "hard",
      "question": "When did Canada leave the confederation to become their own nation?",
      "correct_answer": "July 1st, 1867",
      "incorrect_answers": [
        "July 1st, 1763",
        "July 1st, 1832",
        "July 1st, 1902"
      ]
    },
    {
      "category": "History",
      "type": "multiple",
      "difficulty": "hard",
      "question": "When was the SS or Schutzstaffel established?",
      "correct_answer": "April 4th, 1925",
      "incorrect_answers": [
        "September 1st, 1941",
        "March 8th, 1935",
        "February 21st, 1926"
      ]
    },
    {
      "category": "History",
      "type": "multiple",
      "difficulty": "medium",
      "question": "In what year did the North American Video Game Crash occur?",
      "correct_answer": "1983",
      "incorrect_answers": [
        "1982",
        "1993",
        "1970"
      ]
    },
    {
      "category": "History",
      "type": "boolean",
      "difficulty": "easy",
      "question": "Former United States Presidents John Adams and Thomas Jefferson died within hours of each other.",
      "correct_answer": "True",
      "incorrect_answers": [
        "False"
      ]
    },
    {
      "category": "History",
      "type": "boolean",
      "difficulty": "medium",
      "question": "Theodore Roosevelt Jr. was the only General involved in the initial assault on D-Day.",
      "correct_answer": "True",
      "incorrect_answers": [
        "False"
      ]
    },
    {
      "category": "History",
      "type": "multiple",
      "difficulty": "medium",
      "question": "Where and when was the first cardboard box made for industrial use?",
      "correct_answer": "England, 1817",
      "incorrect_answers": [
        "United States, 1817",
        "England, 1917",
        "United States, 1917"
      ]
    },
    {
      "category": "History",
      "type": "boolean",
      "difficulty": "medium",
      "question": "In 1967, a magazine published a story about extracting hallucinogenic chemicals from bananas to raise moral questions about banning drugs.",
      "correct_answer": "True",
      "incorrect_answers": [
        "False"
      ]
    },
    {
      "category": "History",
      "type": "multiple",
      "difficulty": "medium",
      "question": "Adolf Hitler was born on which date?",
      "correct_answer": "April 20, 1889",
      "incorrect_answers": [
        "June 12, 1889",
        "February 6, 1889",
        "April 16, 1889"
      ]
    },
    {
      "category": "History",
      "type": "multiple",
      "difficulty": "medium",
      "question": "What nationality was sultan Saladin?",
      "correct_answer": "Kurdish",
      "incorrect_answers": [
        "Arab",
        "Egyptian",
        "Syrian"
      ]
    },
    {
      "category": "History",
      "type": "multiple",
      "difficulty": "hard",
      "question": "What was the real name of the Albanian national leader Skanderbeg?",
      "correct_answer": "Gjergj Kastrioti",
      "incorrect_answers": [
        "Diturak Zhulati",
        "Iskander Bejko",
        "Mirash Krasniki"
      ]
    },
    {
      "category": "History",
      "type": "multiple",
      "difficulty": "hard",
      "question": "What year was the United States Declaration of Independence signed?",
      "correct_answer": "1776",
      "incorrect_answers": [
        "1775",
        "1774",
        "1777"
      ]
    },
    {
      "category": "History",
      "type": "multiple",
      "difficulty": "medium",
      "question": "What is the bloodiest event in United States history, in terms of casualties?",
      "correct_answer": "Battle of Antietam",
      "incorrect_answers": [
        "Pearl Harbor",
        "September 11th",
        "D-Day"
      ]
    },
    {
      "category": "History",
      "type": "multiple",
      "difficulty": "hard",
      "question": "During the Spanish Civil War (1936), Francisco Franco fought for which political faction?",
      "correct_answer": "Nationalist Spain",
      "incorrect_answers": [
        "Republican Spain",
        "Popular Front",
        "Papal State"
      ]
    },
    {
      "category": "History",
      "type": "multiple",
      "difficulty": "medium",
      "question": "Which Nation DID NOT have a Colony in Modern-day America?",
      "correct_answer": "Portugal",
      "incorrect_answers": [
        "Spain",
        "Sweden",
        "Netherlands"
      ]
    },
    {
      "category": "History",
      "type": "boolean",
      "difficulty": "hard",
      "question": "The Battle of Trafalgar took place on October 23rd, 1805",
      "correct_answer": "False",
      "incorrect_answers": [
        "True"
      ]
    },
    {
      "category": "History",
      "type": "multiple",
      "difficulty": "medium",
      "question": "When did Norway get its constitution?",
      "correct_answer": "1814",
      "incorrect_answers": [
        "1932",
        "1905",
        "1854"
      ]
    },
    {
      "category": "History",
      "type": "boolean",
      "difficulty": "medium",
      "question": "Martin Luther King Jr. and Anne Frank were born the same year. ",
      "correct_answer": "True",
      "incorrect_answers": [
        "False"
      ]
    },
    {
      "category": "History",
      "type": "multiple",
      "difficulty": "medium",
      "question": "In what year did the First World War end?",
      "correct_answer": "1918",
      "incorrect_answers": [
        "1914",
        "1916",
        "1912"
      ]
    },
    {
      "category": "History",
      "type": "multiple",
      "difficulty": "hard",
      "question": "How many women joined the United States Armed Services during World War II?",
      "correct_answer": "350,000",
      "incorrect_answers": [
        "225,000",
        "100,000",
        "500,000"
      ]
    },
    {
      "category": "History",
      "type": "multiple",
      "difficulty": "medium",
      "question": "Who was the leader of the Communist Party of Yugoslavia ?",
      "correct_answer": "Josip Broz Tito",
      "incorrect_answers": [
        "Karadjordje Petrovic",
        "Milos Obilic",
        "Aleskandar Petrovic"
      ]
    },
    {
      "category": "History",
      "type": "multiple",
      "difficulty": "medium",
      "question": "The Fallingwater House, located in Pennsylvania, was designed by which architect?",
      "correct_answer": "Frank Lloyd Wright",
      "incorrect_answers": [
        "Antoni Gaudi",
        "Frank Gehry",
        "Le Corbusier"
      ]
    },
    {
      "category": "History",
      "type": "multiple",
      "difficulty": "medium",
      "question": "In which year was Constantinople conquered by the Turks?",
      "correct_answer": "1453",
      "incorrect_answers": [
        "1435",
        "1454",
        "1440"
      ]
    },
    {
      "category": "History",
      "type": "multiple",
      "difficulty": "medium",
      "question": "In which years did the Battle of Gallipoli take place?",
      "correct_answer": "1915 - 1916",
      "incorrect_answers": [
        "1914 - 1918",
        "1914 - 1915",
        "1915 - 1918"
      ]
    },
    {
      "category": "History",
      "type": "multiple",
      "difficulty": "easy",
      "question": "These two countries held a commonwealth from the 16th to 18th century.",
      "correct_answer": "Poland and Lithuania",
      "incorrect_answers": [
        "Hutu and Rwanda",
        "North Korea and South Korea",
        "Bangladesh and Bhutan"
      ]
    },
    {
      "category": "History",
      "type": "multiple",
      "difficulty": "easy",
      "question": "What year did World War I begin?",
      "correct_answer": "1914",
      "incorrect_answers": [
        "1905",
        "1919",
        "1925"
      ]
    },
    {
      "category": "History",
      "type": "multiple",
      "difficulty": "hard",
      "question": "What was the original name of New York City?",
      "correct_answer": "New Amsterdam",
      "incorrect_answers": [
        "New London",
        "New Paris",
        "New Rome"
      ]
    },
    {
      "category": "History",
      "type": "multiple",
      "difficulty": "medium",
      "question": "Which country was an allied power in World War II?",
      "correct_answer": "Soviet Union",
      "incorrect_answers": [
        "Italy",
        "Germany",
        "Japan"
      ]
    },
    {
      "category": "History",
      "type": "multiple",
      "difficulty": "medium",
      "question": "How many years did the Hundred Years&#039; War last?",
      "correct_answer": "116",
      "incorrect_answers": [
        "100",
        "90",
        "101"
      ]
    },
    {
      "category": "History",
      "type": "multiple",
      "difficulty": "medium",
      "question": "On which aircraft carrier did the Doolitte Raid launch from on April 18, 1942 during World War II?",
      "correct_answer": "USS Hornet",
      "incorrect_answers": [
        "USS Enterprise",
        "USS Lexington",
        "USS Saratoga"
      ]
    },
    {
      "category": "History",
      "type": "multiple",
      "difficulty": "medium",
      "question": "What year did Skoal, a smokeless Tobacco company, release their first line of Pouches, known as &quot;Skoal Bandits&quot;?",
      "correct_answer": "1983",
      "incorrect_answers": [
        "1934",
        "1984",
        "1822"
      ]
    },
    {
      "category": "History",
      "type": "multiple",
      "difficulty": "easy",
      "question": "Which country was Josef Stalin born in?",
      "correct_answer": "Georgia",
      "incorrect_answers": [
        "Russia",
        "Germany",
        "Poland"
      ]
    },
    {
      "category": "History",
      "type": "multiple",
      "difficulty": "hard",
      "question": "In addition to his career as an astrologer and &quot;prophet&quot;, Nostradamus published a 1555 treatise that included a section on what?",
      "correct_answer": "Making jams and jellies",
      "incorrect_answers": [
        "Teaching parrots to talk",
        "Cheating at card games",
        "Digging graves"
      ]
    },
    {
      "category": "History",
      "type": "boolean",
      "difficulty": "easy",
      "question": "The United States of America was the first country to launch a man into space.",
      "correct_answer": "False",
      "incorrect_answers": [
        "True"
      ]
    },
    {
      "category": "History",
      "type": "multiple",
      "difficulty": "medium",
      "question": "Who was the only US President to be elected four times?",
      "correct_answer": "Franklin Roosevelt",
      "incorrect_answers": [
        "Theodore Roosevelt",
        "George Washington",
        "Abraham Lincoln"
      ]
    }
  ]
}